{
  "exp_id": "A3",
  "exp_name": "DiBS\u9ed8\u8ba4alpha (0.05)",
  "status": "\u6210\u529f",
  "success": true,
  "elapsed_time_minutes": 10.636885674794515,
  "parameters": {
    "alpha": 0.05,
    "n_particles": 20,
    "beta": 1.0,
    "tau": 1.0,
    "n_steps": 5000,
    "n_grad_mc_samples": 128
  },
  "graph_stats": {
    "min": 0.0,
    "max": 0.6500000357627869,
    "mean": 0.06898149102926254,
    "std": 0.11661063134670258
  },
  "edges": {
    "threshold_0.01": 123,
    "threshold_0.1": 78,
    "threshold_0.2": 36,
    "threshold_0.3": 16,
    "threshold_0.5": 3
  },
  "error_message": null
}