{
  "exp_id": "A8",
  "exp_name": "\u4f4etau\u6e29\u5ea6 (0.5)",
  "status": "\u6210\u529f",
  "success": true,
  "elapsed_time_minutes": 10.586386291186015,
  "parameters": {
    "alpha": 0.05,
    "n_particles": 20,
    "beta": 1.0,
    "tau": 0.5,
    "n_steps": 5000,
    "n_grad_mc_samples": 128
  },
  "graph_stats": {
    "min": 0.0,
    "max": 0.6000000238418579,
    "mean": 0.06388889253139496,
    "std": 0.11729329079389572
  },
  "edges": {
    "threshold_0.01": 110,
    "threshold_0.1": 66,
    "threshold_0.2": 34,
    "threshold_0.3": 19,
    "threshold_0.5": 2
  },
  "error_message": null
}