{
  "exp_id": "B1",
  "exp_name": "\u7ec4\u5408\u4f18\u5316: \u6781\u5c0falpha + \u5927\u7c92\u5b50\u6570",
  "status": "\u6210\u529f",
  "success": true,
  "elapsed_time_minutes": 102.18509732882181,
  "parameters": {
    "alpha": 0.001,
    "n_particles": 100,
    "beta": 1.0,
    "tau": 1.0,
    "n_steps": 10000,
    "n_grad_mc_samples": 128
  },
  "graph_stats": {
    "min": 0.0,
    "max": 0.429999977350235,
    "mean": 0.07583333551883698,
    "std": 0.0876946672797203
  },
  "edges": {
    "threshold_0.01": 198,
    "threshold_0.1": 101,
    "threshold_0.2": 31,
    "threshold_0.3": 6,
    "threshold_0.5": 0
  },
  "error_message": null
}