{
  "seed": 1011,
  "runtime_seconds": 651.8025810718536,
  "n_features": 26,
  "graph_stats": {
    "min": 0.0,
    "max": 1.0,
    "mean": 0.047337278723716736,
    "std": 0.10150645673274994
  },
  "n_edges_gt_0.1": 100,
  "n_edges_gt_0.3": 18,
  "n_edges_gt_0.5": 2,
  "timestamp": "2026-02-06T20:49:48.643267"
}