{
  "experiment_id": "MRT-OAST_default_005",
  "timestamp": "2025-12-05T21:40:59.101497",
  "repository": "MRT-OAST",
  "model": "default",
  "hyperparameters": {
    "epochs": 6,
    "learning_rate": 9.400121124861953e-05,
    "seed": 3775,
    "dropout": 0.1944277935309872,
    "weight_decay": 0.00035396027757468064
  },
  "duration_seconds": 781.5995998382568,
  "energy_metrics": {
    "cpu_energy_pkg_joules": 23124.13,
    "cpu_energy_ram_joules": 1775.62,
    "cpu_energy_total_joules": 24899.75,
    "gpu_power_avg_watts": 268.00774535809035,
    "gpu_power_max_watts": 316.32,
    "gpu_power_min_watts": 72.27,
    "gpu_energy_total_joules": 202077.84000000014,
    "gpu_temp_avg_celsius": 79.08620689655173,
    "gpu_temp_max_celsius": 84.0,
    "gpu_util_avg_percent": 91.842175066313,
    "gpu_util_max_percent": 98.0
  },
  "performance_metrics": {
    "accuracy": 4460.0,
    "precision": 0.948565,
    "recall": 0.724866
  },
  "training_success": true,
  "retries": 0,
  "error_message": "Training completed successfully"
}