group,filename,total_edges,ate_computed,ate_success_rate,significant_edges,significance_rate,ate_mean,ate_std,ate_min,ate_max,ci_valid,ci_valid_rate,error_count,error_rate,file_size_kb
group2_vulberta,group2_vulberta_causal_edges_whitelist_with_ate.csv,35,35,100.0,19,54.285714285714285,20239.243347315125,63718.177354347165,-10.669250376901829,304309.9025000003,35,100.0,0,0.0,8.0244140625
group5_mrt_oast,group5_mrt_oast_causal_edges_whitelist_with_ate.csv,40,40,100.0,18,45.0,5042.977661624204,19404.701695561616,-1432.717324434389,114125.82861111117,39,97.5,0,0.0,8.8544921875
group6_resnet,group6_resnet_causal_edges_whitelist_with_ate.csv,19,19,100.0,14,73.68421052631578,10994.972806539945,37940.8566321019,-4702.622702702702,163046.63054054062,19,100.0,0,0.0,4.4130859375
group4_bug_localization,group4_bug_localization_causal_edges_whitelist_with_ate.csv,40,40,100.0,23,57.49999999999999,6000.164943349168,11853.614931490105,-15.216057692307691,41229.40025691699,36,90.0,0,0.0,8.8408203125
group3_person_reid,group3_person_reid_causal_edges_whitelist_with_ate.csv,50,50,100.0,39,78.0,45381.999972267105,103827.99075782484,-88927.12310679595,428388.7576699029,45,90.0,0,0.0,10.53515625
group1_examples,group1_examples_causal_edges_whitelist_with_ate.csv,43,43,100.0,38,88.37209302325581,5366.273562623801,13903.235093471329,-46.75161230471927,51543.80769736841,43,100.0,0,0.0,9.5107421875
