{
  "experiment_id": "MRT-OAST_default_068",
  "timestamp": "2025-12-10T17:22:56.674363",
  "repository": "MRT-OAST",
  "model": "default",
  "hyperparameters": {
    "epochs": 7,
    "learning_rate": 0.0001409302001085878,
    "seed": 6234,
    "dropout": 0.19500110622938013,
    "weight_decay": 0.0006521186784033174
  },
  "duration_seconds": 944.4763000011444,
  "energy_metrics": {
    "cpu_energy_pkg_joules": 28029.51,
    "cpu_energy_ram_joules": 2148.0,
    "cpu_energy_total_joules": 30177.51,
    "gpu_power_avg_watts": 217.20815991237706,
    "gpu_power_max_watts": 316.86,
    "gpu_power_min_watts": 81.6,
    "gpu_energy_total_joules": 198311.05000000025,
    "gpu_temp_avg_celsius": 79.20043811610077,
    "gpu_temp_max_celsius": 85.0,
    "gpu_util_avg_percent": 92.4184008762322,
    "gpu_util_max_percent": 99.0
  },
  "performance_metrics": {
    "accuracy": 4523.0,
    "precision": 0.965129,
    "recall": 0.709971
  },
  "training_success": true,
  "retries": 0,
  "error_message": "Training completed successfully"
}