{
  "seed": 3033,
  "runtime_seconds": 983.8786418437958,
  "n_features": 28,
  "graph_stats": {
    "min": 0.0,
    "max": 0.8000000715255737,
    "mean": 0.04192177206277847,
    "std": 0.0906323492527008
  },
  "n_edges_gt_0.1": 122,
  "n_edges_gt_0.3": 23,
  "n_edges_gt_0.5": 3,
  "timestamp": "2026-02-06T23:59:35.027680"
}