{
  "group_id": "group5_mrt_oast",
  "group_name": "MRT-OAST\uff08\u7f3a\u9677\u5b9a\u4f4d\uff09",
  "samples": 60,
  "features": 37,
  "graph_min": 0.0,
  "graph_max": 0.75,
  "graph_mean": 0.024543460458517075,
  "graph_std": 0.07923732697963715,
  "edges_gt_0.01": 217,
  "edges_gt_0.1": 91,
  "edges_gt_0.3": 24,
  "edges_gt_0.5": 7,
  "strong_edges_weight_gt_0.3": 24,
  "total_possible_edges": 1332,
  "strong_edge_percentage": 1.8018018018018018,
  "runtime_seconds": 1963.996078491211,
  "timestamp": "2026-02-03T21:27:03.687033"
}