{
  "group_id": "group4_bug_localization",
  "group_name": "bug-localization\uff08\u7f3a\u9677\u5b9a\u4f4d\uff09",
  "samples": 90,
  "features": 22,
  "graph_min": 0.0,
  "graph_max": 0.8399999737739563,
  "graph_mean": 0.09225206077098846,
  "graph_std": 0.18628183007240295,
  "edges_gt_0.01": 149,
  "edges_gt_0.1": 106,
  "edges_gt_0.3": 64,
  "edges_gt_0.5": 31,
  "strong_edges_weight_gt_0.3": 64,
  "total_possible_edges": 462,
  "strong_edge_percentage": 13.852813852813853,
  "runtime_seconds": 5258.723585367203,
  "timestamp": "2026-02-17T05:58:20.980432"
}