{
  "group_id": "group4_bug_localization",
  "group_name": "bug-localization\uff08\u7f3a\u9677\u5b9a\u4f4d\uff09",
  "samples": 90,
  "features": 49,
  "graph_min": 0.0,
  "graph_max": 0.75,
  "graph_mean": 0.07411495596170425,
  "graph_std": 0.11556994915008545,
  "edges_gt_0.01": 1074,
  "edges_gt_0.1": 566,
  "edges_gt_0.3": 120,
  "edges_gt_0.5": 8,
  "strong_edges_weight_gt_0.3": 120,
  "total_possible_edges": 2352,
  "strong_edge_percentage": 5.1020408163265305,
  "runtime_seconds": 11128.459052085876,
  "timestamp": "2026-01-30T23:26:12.672228"
}