{
  "group_id": "group4_bug_localization",
  "group_name": "bug-localization\uff08\u7f3a\u9677\u5b9a\u4f4d\uff09",
  "samples": 90,
  "features": 22,
  "graph_min": 0.0,
  "graph_max": 0.6399999856948853,
  "graph_mean": 0.07037189602851868,
  "graph_std": 0.13939310610294342,
  "edges_gt_0.01": 156,
  "edges_gt_0.1": 102,
  "edges_gt_0.3": 49,
  "edges_gt_0.5": 10,
  "strong_edges_weight_gt_0.3": 49,
  "total_possible_edges": 462,
  "strong_edge_percentage": 10.606060606060606,
  "runtime_seconds": 170.22504782676697,
  "timestamp": "2026-02-10T13:35:45.716960"
}