{
  "seed": 42,
  "runtime_seconds": 652.4220323562622,
  "n_features": 26,
  "graph_stats": {
    "min": 0.0,
    "max": 1.0,
    "mean": 0.04955621436238289,
    "std": 0.10734743624925613
  },
  "n_edges_gt_0.1": 110,
  "n_edges_gt_0.3": 19,
  "n_edges_gt_0.5": 5,
  "timestamp": "2026-02-06T20:06:21.181348"
}