{
  "seed": 123,
  "runtime_seconds": 651.8331568241119,
  "n_features": 26,
  "graph_stats": {
    "min": 0.0,
    "max": 1.0,
    "mean": 0.04918638989329338,
    "std": 0.10951109975576401
  },
  "n_edges_gt_0.1": 113,
  "n_edges_gt_0.3": 21,
  "n_edges_gt_0.5": 3,
  "timestamp": "2026-02-06T20:17:13.018281"
}