{
  "exp_id": "A7",
  "exp_name": "\u4e2dbeta\u7ea6\u675f (0.5)",
  "status": "\u6210\u529f",
  "success": true,
  "elapsed_time_minutes": 10.581532069047292,
  "parameters": {
    "alpha": 0.05,
    "n_particles": 20,
    "beta": 0.5,
    "tau": 1.0,
    "n_steps": 5000,
    "n_grad_mc_samples": 128
  },
  "graph_stats": {
    "min": 0.0,
    "max": 0.6500000357627869,
    "mean": 0.06712962687015533,
    "std": 0.1153019443154335
  },
  "edges": {
    "threshold_0.01": 125,
    "threshold_0.1": 72,
    "threshold_0.2": 35,
    "threshold_0.3": 18,
    "threshold_0.5": 3
  },
  "error_message": null
}