{
  "group_id": "group5_mrt_oast",
  "group_num": 5,
  "data_rows": 72,
  "edges_total": 40,
  "edges_updated": 36,
  "ate_computed": 36,
  "ate_significant": 36,
  "ate_mean": 21.9402134510812,
  "ate_std": 130.54637351832093,
  "ate_min": -4.580513323824563,
  "ate_max": 783.3805812795414,
  "elapsed_seconds": 14.595834732055664,
  "timestamp": "2026-01-30 19:00:33"
}