{
  "group_id": "group6_resnet",
  "group_name": "pytorch_resnet\uff08\u56fe\u50cf\u5206\u7c7b-ResNet\uff09",
  "samples": 74,
  "features": 21,
  "graph_min": 0.0,
  "graph_max": 0.949999988079071,
  "graph_mean": 0.12208615988492966,
  "graph_std": 0.20559784770011902,
  "edges_gt_0.01": 218,
  "edges_gt_0.1": 121,
  "edges_gt_0.3": 73,
  "edges_gt_0.5": 31,
  "strong_edges_weight_gt_0.3": 73,
  "total_possible_edges": 420,
  "strong_edge_percentage": 17.38095238095238,
  "runtime_seconds": 4803.2204682827,
  "timestamp": "2026-02-17T09:00:09.510588"
}