{
  "group_id": "group6_resnet",
  "group_name": "pytorch_resnet\uff08\u56fe\u50cf\u5206\u7c7b-ResNet\uff09",
  "samples": 74,
  "features": 36,
  "graph_min": 0.0,
  "graph_max": 1.0,
  "graph_mean": 0.005787037037037037,
  "graph_std": 0.05697219663999522,
  "edges_gt_0.01": 14,
  "edges_gt_0.1": 14,
  "edges_gt_0.3": 14,
  "edges_gt_0.5": 1,
  "strong_edges_weight_gt_0.3": 14,
  "total_possible_edges": 1260,
  "strong_edge_percentage": 1.1111111111111112,
  "runtime_seconds": 5.7,
  "timestamp": "2026-02-03T22:19:00.151422"
}