{
  "group_id": "group6_resnet",
  "group_name": "pytorch_resnet\uff08\u56fe\u50cf\u5206\u7c7b-ResNet\uff09",
  "samples": 74,
  "features": 49,
  "graph_min": 0.0,
  "graph_max": 0.8500000238418579,
  "graph_mean": 0.08121615648269653,
  "graph_std": 0.12781254947185516,
  "edges_gt_0.01": 996,
  "edges_gt_0.1": 627,
  "edges_gt_0.3": 169,
  "edges_gt_0.5": 18,
  "strong_edges_weight_gt_0.3": 169,
  "total_possible_edges": 2352,
  "strong_edge_percentage": 7.1853741496598635,
  "runtime_seconds": 10958.119262695312,
  "timestamp": "2026-01-30T23:23:48.349563"
}