{
  "group_id": "group4_bug_localization",
  "group_name": "bug-localization\uff08\u7f3a\u9677\u5b9a\u4f4d\uff09",
  "samples": 90,
  "features": 22,
  "graph_min": 0.0,
  "graph_max": 0.7799999713897705,
  "graph_mean": 0.09283057600259781,
  "graph_std": 0.18343836069107056,
  "edges_gt_0.01": 150,
  "edges_gt_0.1": 109,
  "edges_gt_0.3": 65,
  "edges_gt_0.5": 31,
  "strong_edges_weight_gt_0.3": 65,
  "total_possible_edges": 462,
  "strong_edge_percentage": 14.06926406926407,
  "runtime_seconds": 1609.7694466114044,
  "timestamp": "2026-02-10T21:46:01.066529"
}