{
  "seed": 789,
  "runtime_seconds": 984.9832422733307,
  "n_features": 28,
  "graph_stats": {
    "min": 0.0,
    "max": 1.0,
    "mean": 0.04778912290930748,
    "std": 0.1032668724656105
  },
  "n_edges_gt_0.1": 140,
  "n_edges_gt_0.3": 28,
  "n_edges_gt_0.5": 7,
  "timestamp": "2026-02-06T23:10:22.206553"
}