{
  "seed": 789,
  "runtime_seconds": 714.7818331718445,
  "n_features": 28,
  "graph_stats": {
    "min": 0.0,
    "max": 0.8500000238418579,
    "mean": 0.04190051183104515,
    "std": 0.1005156859755516
  },
  "n_edges_gt_0.1": 97,
  "n_edges_gt_0.3": 31,
  "n_edges_gt_0.5": 4,
  "timestamp": "2026-02-06T21:39:20.055601"
}