{
  "experiment_id": "MRT-OAST_default_004",
  "timestamp": "2025-12-13T00:56:10.836826",
  "repository": "MRT-OAST",
  "model": "default",
  "hyperparameters": {
    "epochs": 9,
    "learning_rate": 0.00012770995779822067,
    "seed": 5923,
    "dropout": 0.2654805874380295,
    "weight_decay": 1.491054560061533e-05
  },
  "duration_seconds": 1174.6866512298584,
  "energy_metrics": {
    "cpu_energy_pkg_joules": 34763.75,
    "cpu_energy_ram_joules": 2673.32,
    "cpu_energy_total_joules": 37437.07,
    "gpu_power_avg_watts": 249.8013808267369,
    "gpu_power_max_watts": 317.0,
    "gpu_power_min_watts": 71.47,
    "gpu_energy_total_joules": 284024.16999999987,
    "gpu_temp_avg_celsius": 79.12225153913808,
    "gpu_temp_max_celsius": 84.0,
    "gpu_util_avg_percent": 92.53737906772207,
    "gpu_util_max_percent": 100.0
  },
  "performance_metrics": {
    "accuracy": 4580.0,
    "precision": 0.979006,
    "recall": 0.73314
  },
  "training_success": true,
  "retries": 0,
  "error_message": "Training completed successfully"
}