{
  "experiment_id": "MRT-OAST_default_065",
  "timestamp": "2025-12-10T16:02:46.817760",
  "repository": "MRT-OAST",
  "model": "default",
  "hyperparameters": {
    "epochs": 14,
    "learning_rate": 0.0001165834738796372,
    "seed": 7543,
    "dropout": 0.08455382687550926,
    "weight_decay": 7.834941202620763e-05
  },
  "duration_seconds": 1858.944219827652,
  "energy_metrics": {
    "cpu_energy_pkg_joules": 55133.0,
    "cpu_energy_ram_joules": 4220.08,
    "cpu_energy_total_joules": 59353.08,
    "gpu_power_avg_watts": 218.8688858093128,
    "gpu_power_max_watts": 316.91,
    "gpu_power_min_watts": 81.6,
    "gpu_energy_total_joules": 394839.47000000026,
    "gpu_temp_avg_celsius": 79.85144124168514,
    "gpu_temp_max_celsius": 85.0,
    "gpu_util_avg_percent": 93.2139689578714,
    "gpu_util_max_percent": 100.0
  },
  "performance_metrics": {
    "accuracy": 4967.0,
    "precision": 0.999577,
    "recall": 0.978072
  },
  "training_success": true,
  "retries": 0,
  "error_message": "Training completed successfully"
}