{
  "experiment_id": "MRT-OAST_default_083",
  "timestamp": "2026-01-01T18:26:13.575701",
  "repository": "MRT-OAST",
  "model": "default",
  "hyperparameters": {
    "dropout": 0.006613738891105658,
    "epochs": 15,
    "learning_rate": 9.7647007156234e-05,
    "weight_decay": 3.291069562176152e-05,
    "seed": 2478
  },
  "duration_seconds": 1956.1214337348938,
  "energy_metrics": {
    "cpu_energy_pkg_joules": 58085.16,
    "cpu_energy_ram_joules": 4444.19,
    "cpu_energy_total_joules": 62529.35,
    "gpu_power_avg_watts": 233.86621578947376,
    "gpu_power_max_watts": 316.14,
    "gpu_power_min_watts": 79.69,
    "gpu_energy_total_joules": 444345.8100000001,
    "gpu_temp_avg_celsius": 79.71526315789474,
    "gpu_temp_max_celsius": 84.0,
    "gpu_util_avg_percent": 93.16315789473684,
    "gpu_util_max_percent": 100.0
  },
  "performance_metrics": {
    "accuracy": 0.9972,
    "precision": 1.0,
    "recall": 0.9942,
    "f1": 0.997095
  },
  "training_success": true,
  "retries": 0,
  "error_message": "Training completed successfully"
}