{
  "group_id": "group4_bug_localization",
  "group_name": "bug-localization\uff08\u7f3a\u9677\u5b9a\u4f4d\uff09",
  "samples": 90,
  "features": 38,
  "graph_min": 0.0,
  "graph_max": 0.6500000357627869,
  "graph_mean": 0.022091412916779518,
  "graph_std": 0.07328502833843231,
  "edges_gt_0.01": 182,
  "edges_gt_0.1": 103,
  "edges_gt_0.3": 22,
  "edges_gt_0.5": 5,
  "strong_edges_weight_gt_0.3": 22,
  "total_possible_edges": 1406,
  "strong_edge_percentage": 1.5647226173541962,
  "runtime_seconds": 2230.3966336250305,
  "timestamp": "2026-02-03T20:54:19.681508"
}