{
  "group_id": "group3_person_reid",
  "group_name": "Person_reID\uff08\u884c\u4eba\u91cd\u8bc6\u522b\uff09",
  "samples": 206,
  "features": 37,
  "graph_min": 0.0,
  "graph_max": 0.800000011920929,
  "graph_mean": 0.03783784061670303,
  "graph_std": 0.08953658491373062,
  "edges_gt_0.01": 323,
  "edges_gt_0.1": 160,
  "edges_gt_0.3": 32,
  "edges_gt_0.5": 2,
  "strong_edges_weight_gt_0.3": 32,
  "total_possible_edges": 1332,
  "strong_edge_percentage": 2.4024024024024024,
  "runtime_seconds": 2877.9080350399017,
  "timestamp": "2026-02-03T20:17:09.275136"
}