{
  "group_id": "group3_person_reid",
  "group_name": "Person_reID\uff08\u884c\u4eba\u91cd\u8bc6\u522b\uff09",
  "samples": 206,
  "features": 24,
  "graph_min": 0.0,
  "graph_max": 0.8399999737739563,
  "graph_mean": 0.13006943464279175,
  "graph_std": 0.17946290969848633,
  "edges_gt_0.01": 356,
  "edges_gt_0.1": 213,
  "edges_gt_0.3": 98,
  "edges_gt_0.5": 36,
  "strong_edges_weight_gt_0.3": 98,
  "total_possible_edges": 552,
  "strong_edge_percentage": 17.753623188405797,
  "runtime_seconds": 196.7580590248108,
  "timestamp": "2026-02-10T13:32:55.485005"
}