{
  "group_id": "group3_person_reid",
  "group_name": "Person_reID\uff08\u884c\u4eba\u91cd\u8bc6\u522b\uff09",
  "samples": 206,
  "features": 49,
  "graph_min": 0.0,
  "graph_max": 0.550000011920929,
  "graph_mean": 0.05853810906410217,
  "graph_std": 0.09188200533390045,
  "edges_gt_0.01": 987,
  "edges_gt_0.1": 474,
  "edges_gt_0.3": 47,
  "edges_gt_0.5": 2,
  "strong_edges_weight_gt_0.3": 47,
  "total_possible_edges": 2352,
  "strong_edge_percentage": 1.9982993197278913,
  "runtime_seconds": 12092.472604751587,
  "timestamp": "2026-01-30T23:41:16.721460"
}