{
  "group_id": "group3_person_reid",
  "group_name": "Person_reID\uff08\u884c\u4eba\u91cd\u8bc6\u522b\uff09",
  "samples": 206,
  "features": 24,
  "graph_min": 0.0,
  "graph_max": 0.949999988079071,
  "graph_mean": 0.14689236879348755,
  "graph_std": 0.21043990552425385,
  "edges_gt_0.01": 331,
  "edges_gt_0.1": 212,
  "edges_gt_0.3": 112,
  "edges_gt_0.5": 44,
  "strong_edges_weight_gt_0.3": 112,
  "total_possible_edges": 552,
  "strong_edge_percentage": 20.28985507246377,
  "runtime_seconds": 6102.488388299942,
  "timestamp": "2026-02-17T04:30:42.208507"
}