{
  "experiment_id": "MRT-OAST_default_081",
  "timestamp": "2026-01-01T17:27:19.021640",
  "repository": "MRT-OAST",
  "model": "default",
  "hyperparameters": {
    "dropout": 0.08614301354672439,
    "epochs": 5,
    "learning_rate": 0.00010219544389142391,
    "weight_decay": 0.00033559126685859283,
    "seed": 7501
  },
  "duration_seconds": 688.8856620788574,
  "energy_metrics": {
    "cpu_energy_pkg_joules": 20182.79,
    "cpu_energy_ram_joules": 1563.32,
    "cpu_energy_total_joules": 21746.11,
    "gpu_power_avg_watts": 230.3381089258697,
    "gpu_power_max_watts": 316.77,
    "gpu_power_min_watts": 75.53,
    "gpu_energy_total_joules": 152253.48999999987,
    "gpu_temp_avg_celsius": 78.47655068078669,
    "gpu_temp_max_celsius": 84.0,
    "gpu_util_avg_percent": 89.42813918305598,
    "gpu_util_max_percent": 97.0
  },
  "performance_metrics": {
    "accuracy": 0.8274,
    "precision": 0.9534,
    "recall": 0.6764,
    "f1": 0.791092
  },
  "training_success": true,
  "retries": 0,
  "error_message": "Training completed successfully"
}