{
  "experiment_id": "MRT-OAST_default_070",
  "timestamp": "2025-12-10T17:56:33.722663",
  "repository": "MRT-OAST",
  "model": "default",
  "hyperparameters": {
    "epochs": 10,
    "learning_rate": 0.00011691502167687537,
    "seed": 6691,
    "dropout": 0.2880816295005849,
    "weight_decay": 3.0743223878557735e-05
  },
  "duration_seconds": 1337.2345378398895,
  "energy_metrics": {
    "cpu_energy_pkg_joules": 39765.85,
    "cpu_energy_ram_joules": 3036.31,
    "cpu_energy_total_joules": 42802.16,
    "gpu_power_avg_watts": 217.29653549382707,
    "gpu_power_max_watts": 316.76,
    "gpu_power_min_watts": 82.17,
    "gpu_energy_total_joules": 281616.3099999999,
    "gpu_temp_avg_celsius": 79.49845679012346,
    "gpu_temp_max_celsius": 85.0,
    "gpu_util_avg_percent": 92.82793209876543,
    "gpu_util_max_percent": 97.0
  },
  "performance_metrics": {
    "accuracy": 4554.0,
    "precision": 0.977766,
    "recall": 0.745966
  },
  "training_success": true,
  "retries": 0,
  "error_message": "Training completed successfully"
}