{
  "group_id": "group5_mrt_oast",
  "group_name": "MRT-OAST\uff08\u7f3a\u9677\u5b9a\u4f4d\uff09",
  "samples": 60,
  "features": 24,
  "graph_min": 0.0,
  "graph_max": 0.8100000023841858,
  "graph_mean": 0.09204860776662827,
  "graph_std": 0.18354903161525726,
  "edges_gt_0.01": 192,
  "edges_gt_0.1": 116,
  "edges_gt_0.3": 82,
  "edges_gt_0.5": 37,
  "strong_edges_weight_gt_0.3": 82,
  "total_possible_edges": 552,
  "strong_edge_percentage": 14.855072463768115,
  "runtime_seconds": 1862.4860215187073,
  "timestamp": "2026-02-10T22:17:03.559623"
}