{
  "seed": 456,
  "runtime_seconds": 652.3480696678162,
  "n_features": 26,
  "graph_stats": {
    "min": 0.0,
    "max": 1.0,
    "mean": 0.048150885850191116,
    "std": 0.10000139474868774
  },
  "n_edges_gt_0.1": 109,
  "n_edges_gt_0.3": 15,
  "n_edges_gt_0.5": 4,
  "timestamp": "2026-02-06T20:28:05.370031"
}