{
  "seed": 123,
  "runtime_seconds": 784.3256764411926,
  "n_features": 26,
  "graph_stats": {
    "min": 0.0,
    "max": 1.0,
    "mean": 0.05547337234020233,
    "std": 0.12358517944812775
  },
  "n_edges_gt_0.1": 113,
  "n_edges_gt_0.3": 36,
  "n_edges_gt_0.5": 7,
  "timestamp": "2026-02-06T19:42:24.310732"
}