{
  "group_id": "group4_bug_localization",
  "group_num": 4,
  "data_rows": 90,
  "edges_total": 120,
  "edges_updated": 114,
  "ate_computed": 46,
  "ate_significant": 86,
  "ate_mean": 0.3963364180315967,
  "ate_std": 1.6645583450169712,
  "ate_min": -0.6397362674989117,
  "ate_max": 11.00358651113389,
  "elapsed_seconds": 7.271528482437134,
  "timestamp": "2026-01-31 12:17:48"
}