{
  "group_id": "group2_vulberta",
  "group_num": 2,
  "data_rows": 72,
  "edges_total": 161,
  "edges_updated": 159,
  "ate_computed": 48,
  "ate_significant": 123,
  "ate_mean": 0.0938893361198796,
  "ate_std": 1.0486902386878287,
  "ate_min": -2.8249474771373397,
  "ate_max": 5.730527160035779,
  "elapsed_seconds": 4.23056960105896,
  "timestamp": "2026-01-31 12:17:34"
}