{
  "group_id": "group5_mrt_oast",
  "group_num": 5,
  "data_rows": 72,
  "edges_total": 153,
  "edges_updated": 151,
  "ate_computed": 59,
  "ate_significant": 106,
  "ate_mean": -0.050618132797083104,
  "ate_std": 0.6036678771523546,
  "ate_min": -3.3677461647957325,
  "ate_max": 1.9129035111673467,
  "elapsed_seconds": 3.835838794708252,
  "timestamp": "2026-01-31 12:17:52"
}