{
  "experiment_id": "MRT-OAST_default_064",
  "timestamp": "2025-12-10T15:31:44.764030",
  "repository": "MRT-OAST",
  "model": "default",
  "hyperparameters": {
    "epochs": 12,
    "learning_rate": 0.00010454320856154476,
    "seed": 1980,
    "dropout": 0.05722322498870701,
    "weight_decay": 5.0994088763394604e-05
  },
  "duration_seconds": 1610.164167881012,
  "energy_metrics": {
    "cpu_energy_pkg_joules": 47544.12,
    "cpu_energy_ram_joules": 3619.47,
    "cpu_energy_total_joules": 51163.59,
    "gpu_power_avg_watts": 224.48188703466008,
    "gpu_power_max_watts": 316.68,
    "gpu_power_min_watts": 76.6,
    "gpu_energy_total_joules": 349742.7800000004,
    "gpu_temp_avg_celsius": 79.89216944801026,
    "gpu_temp_max_celsius": 85.0,
    "gpu_util_avg_percent": 92.002567394095,
    "gpu_util_max_percent": 98.0
  },
  "performance_metrics": {
    "accuracy": 4950.0,
    "precision": 0.998255,
    "recall": 0.946628
  },
  "training_success": true,
  "retries": 0,
  "error_message": "Training completed successfully"
}