{
  "seed": 42,
  "runtime_seconds": 988.8805651664734,
  "n_features": 28,
  "graph_stats": {
    "min": 0.0,
    "max": 1.0,
    "mean": 0.04421768710017204,
    "std": 0.10516972094774246
  },
  "n_edges_gt_0.1": 126,
  "n_edges_gt_0.3": 29,
  "n_edges_gt_0.5": 6,
  "timestamp": "2026-02-06T22:21:07.963855"
}