{
  "seed": 42,
  "runtime_seconds": 703.9821031093597,
  "n_features": 28,
  "graph_stats": {
    "min": 0.0,
    "max": 0.699999988079071,
    "mean": 0.0401785671710968,
    "std": 0.08967326581478119
  },
  "n_edges_gt_0.1": 100,
  "n_edges_gt_0.3": 14,
  "n_edges_gt_0.5": 1,
  "timestamp": "2026-02-06T21:01:32.641872"
}