{
  "exp_id": "TEST2",
  "exp_name": "Small alpha",
  "status": "\u6210\u529f",
  "success": true,
  "elapsed_time_minutes": 2.1601271907488506,
  "parameters": {
    "alpha": 0.01,
    "n_particles": 20,
    "beta": 1.0,
    "tau": 1.0,
    "n_steps": 1000,
    "n_grad_mc_samples": 128
  },
  "graph_stats": {
    "min": 0.0,
    "max": 0.6500000357627869,
    "mean": 0.04938271641731262,
    "std": 0.10206020623445511
  },
  "edges": {
    "threshold_0.01": 101,
    "threshold_0.1": 48,
    "threshold_0.2": 23,
    "threshold_0.3": 9,
    "threshold_0.5": 3
  },
  "error_message": null
}