{
  "group_id": "group2_vulberta",
  "group_num": 2,
  "data_rows": 72,
  "edges_total": 161,
  "edges_updated": 159,
  "ate_computed": 48,
  "ate_significant": 120,
  "ate_mean": 0.01613870048407676,
  "ate_std": 0.26231659374987276,
  "ate_min": -1.3625437124113768,
  "ate_max": 0.6454848922878265,
  "elapsed_seconds": 4.227621793746948,
  "timestamp": "2026-01-31 13:35:45"
}