{
  "group_id": "group1_examples",
  "group_num": 1,
  "data_rows": 304,
  "edges_total": 90,
  "edges_updated": 40,
  "ate_computed": 39,
  "ate_significant": 36,
  "ate_mean": -0.01826883184732506,
  "ate_std": 0.3728832491695018,
  "ate_min": -0.6172633766329767,
  "ate_max": 1.0513141243495778,
  "elapsed_seconds": 34.126211404800415,
  "timestamp": "2026-02-10 16:48:16"
}