{
  "group_id": "group5_mrt_oast",
  "group_num": 5,
  "data_rows": 72,
  "edges_total": 24,
  "edges_updated": 22,
  "ate_computed": 22,
  "ate_significant": 19,
  "ate_mean": 0.039641973660903045,
  "ate_std": 0.27213132436705906,
  "ate_min": -0.8716207809917802,
  "ate_max": 0.6331060109161563,
  "elapsed_seconds": 11.63556456565857,
  "timestamp": "2026-02-03 23:16:30"
}