{
  "group_id": "group5_mrt_oast",
  "group_num": 5,
  "data_rows": 72,
  "edges_total": 57,
  "edges_updated": 19,
  "ate_computed": 19,
  "ate_significant": 18,
  "ate_mean": 0.026624301470245,
  "ate_std": 0.11852768188329203,
  "ate_min": -0.2543357474777607,
  "ate_max": 0.377534320874092,
  "elapsed_seconds": 7.88523268699646,
  "timestamp": "2026-02-10 16:49:20"
}