{
  "group_id": "group4_bug_localization",
  "group_num": 4,
  "data_rows": 90,
  "edges_total": 120,
  "edges_updated": 114,
  "ate_computed": 46,
  "ate_significant": 83,
  "ate_mean": 0.1154183863324495,
  "ate_std": 0.3192282176890363,
  "ate_min": -0.20463655692659663,
  "ate_max": 1.2392674370248078,
  "elapsed_seconds": 7.341852426528931,
  "timestamp": "2026-01-31 13:35:59"
}