{
  "group_id": "group3_person_reid",
  "group_num": 3,
  "data_rows": 206,
  "edges_total": 98,
  "edges_updated": 50,
  "ate_computed": 41,
  "ate_significant": 48,
  "ate_mean": 0.1234672566049516,
  "ate_std": 0.4331533518171688,
  "ate_min": -0.8667332865361903,
  "ate_max": 1.4222694633138546,
  "elapsed_seconds": 35.96783447265625,
  "timestamp": "2026-02-10 16:49:04"
}