{
  "group_id": "group2_vulberta",
  "group_num": 2,
  "data_rows": 72,
  "edges_total": 61,
  "edges_updated": 29,
  "ate_computed": 26,
  "ate_significant": 21,
  "ate_mean": -0.018846761161435386,
  "ate_std": 0.33308195397588125,
  "ate_min": -1.3273058202543542,
  "ate_max": 0.6487637825700212,
  "elapsed_seconds": 11.703507423400879,
  "timestamp": "2026-02-10 16:48:28"
}