{
  "group_id": "group1_examples",
  "group_num": 1,
  "data_rows": 304,
  "edges_total": 66,
  "edges_updated": 66,
  "ate_computed": 36,
  "ate_significant": 47,
  "ate_mean": 0.14845072933740522,
  "ate_std": 0.7241125554156851,
  "ate_min": -1.5247544454453597,
  "ate_max": 2.3178842359041893,
  "elapsed_seconds": 10.477679014205933,
  "timestamp": "2026-01-31 13:35:40"
}