{
  "group_id": "group6_resnet",
  "group_num": 6,
  "data_rows": 74,
  "edges_total": 40,
  "edges_updated": 22,
  "ate_computed": 21,
  "ate_significant": 22,
  "ate_mean": 0.06524292333569298,
  "ate_std": 0.194179234382846,
  "ate_min": -0.43675541626154407,
  "ate_max": 0.4849139266296631,
  "elapsed_seconds": 9.375509262084961,
  "timestamp": "2026-02-10 16:49:29"
}