{
  "group_id": "group5_mrt_oast",
  "group_num": 5,
  "data_rows": 72,
  "edges_total": 153,
  "edges_updated": 151,
  "ate_computed": 59,
  "ate_significant": 104,
  "ate_mean": -0.0019053715580813761,
  "ate_std": 0.29866472445837655,
  "ate_min": -0.6901012758391365,
  "ate_max": 1.0202044050760743,
  "elapsed_seconds": 3.870182752609253,
  "timestamp": "2026-01-31 13:36:03"
}