{
  "group_id": "group4_bug_localization",
  "group_num": 4,
  "data_rows": 90,
  "edges_total": 47,
  "edges_updated": 19,
  "ate_computed": 15,
  "ate_significant": 18,
  "ate_mean": -0.030098618449714506,
  "ate_std": 0.4887573581628453,
  "ate_min": -1.1248229694744973,
  "ate_max": 1.1282936841546127,
  "elapsed_seconds": 8.155572175979614,
  "timestamp": "2026-02-10 16:49:12"
}