method,alpha,Width,D_DI,D_SPD,D_AOD,D_Cons,D_TI,Tr_Acc,Tr_F1,Tr_DI,Tr_SPD,Tr_AOD,Tr_Cons,Tr_TI,Te_Acc,Te_F1,Te_DI,Te_SPD,Te_AOD,Te_Cons,Te_TI,A_FGSM,A_PGD
Baseline,0.0,2,0.980310372324112,-0.010295721341971986,0.0,[0.7284],0.0,0.738,0.6858513189448442,0.980310372324112,-0.010295721341971986,-0.0068590815876015815,[0.7284],0.0,0.725,0.6666666666666667,1.1287341500107457,0.05990599059905993,-0.04062102200400069,[0.706],0.0,0.06,0.025
Baseline,0.5,2,0.980310372324112,-0.010295721341971986,0.0,[0.7284],0.0,0.518,0.6824769433465085,0.980310372324112,-0.010295721341971986,0.0,[0.7284],0.0,0.495,0.6622073578595317,1.1287341500107457,0.05990599059905993,0.0,[0.706],0.0,0.0,0.0
Baseline,1.0,2,0.980310372324112,-0.010295721341971986,0.0,[0.7284],0.0,0.518,0.6824769433465085,0.980310372324112,-0.010295721341971986,0.0,[0.7284],0.0,0.495,0.6622073578595317,1.1287341500107457,0.05990599059905993,0.0,[0.706],0.0,0.0,0.0
Reweighing,0.0,2,0.980310372324112,-0.010295721341971986,0.0,[0.7284],0.0,0.482,0.0,0.980310372324112,-0.010295721341971986,0.0,[0.7284],0.0,0.505,0.0,1.1287341500107457,0.05990599059905993,0.0,[0.706],0.0,0.0,0.0
Reweighing,0.5,2,0.980310372324112,-0.010295721341971986,0.0,[0.7284],0.0,0.826,0.8330134357005757,0.980310372324112,-0.010295721341971986,0.0011523438950621911,[0.7284],0.0,0.805,0.8078817733990148,1.1287341500107457,0.05990599059905993,0.03327877795962904,[0.706],0.0,0.04,0.01
Reweighing,1.0,2,0.980310372324112,-0.010295721341971986,0.0,[0.7284],0.0,0.482,0.0,0.980310372324112,-0.010295721341971986,0.0,[0.7284],0.0,0.505,0.0,1.1287341500107457,0.05990599059905993,0.0,[0.706],0.0,0.0,0.0
