{
  "seed": 42,
  "runtime_seconds": 846.819812297821,
  "n_features": 26,
  "graph_stats": {
    "min": 0.0,
    "max": 1.0,
    "mean": 0.05798816680908203,
    "std": 0.13004246354103088
  },
  "n_edges_gt_0.1": 121,
  "n_edges_gt_0.3": 31,
  "n_edges_gt_0.5": 13,
  "timestamp": "2026-02-06T19:29:19.981287"
}