{
  "group_id": "group3_person_reid",
  "group_num": 3,
  "data_rows": 206,
  "edges_total": 32,
  "edges_updated": 30,
  "ate_computed": 29,
  "ate_significant": 29,
  "ate_mean": 0.2112078017470403,
  "ate_std": 0.36224029392339807,
  "ate_min": -0.6677204824385489,
  "ate_max": 1.0303024572222148,
  "elapsed_seconds": 18.008225679397583,
  "timestamp": "2026-02-03 23:16:05"
}