{
  "seed": 789,
  "runtime_seconds": 651.4633531570435,
  "n_features": 26,
  "graph_stats": {
    "min": 0.0,
    "max": 1.0,
    "mean": 0.04541419818997383,
    "std": 0.10288575291633606
  },
  "n_edges_gt_0.1": 104,
  "n_edges_gt_0.3": 19,
  "n_edges_gt_0.5": 5,
  "timestamp": "2026-02-06T20:38:56.837035"
}