{
  "group_id": "group4_bug_localization",
  "group_num": 4,
  "data_rows": 90,
  "edges_total": 120,
  "edges_updated": 114,
  "ate_computed": 46,
  "ate_significant": 86,
  "ate_mean": 0.16530095332516173,
  "ate_std": 0.46544496477988057,
  "ate_min": -0.5888267916623559,
  "ate_max": 2.191845802447422,
  "elapsed_seconds": 7.251245021820068,
  "timestamp": "2026-01-31 13:04:23"
}