{
  "group_id": "group3_person_reid",
  "group_num": 3,
  "data_rows": 206,
  "edges_total": 47,
  "edges_updated": 45,
  "ate_computed": 24,
  "ate_significant": 38,
  "ate_mean": 0.3644576095291723,
  "ate_std": 0.7255154869618274,
  "ate_min": -0.8474142104147122,
  "ate_max": 2.153672142182002,
  "elapsed_seconds": 6.940240144729614,
  "timestamp": "2026-01-31 13:04:16"
}