{
  "group_id": "group5_mrt_oast",
  "group_num": 5,
  "data_rows": 72,
  "edges_total": 153,
  "edges_updated": 151,
  "ate_computed": 59,
  "ate_significant": 106,
  "ate_mean": -0.052994094962413814,
  "ate_std": 0.6004418394208527,
  "ate_min": -3.3208754656417505,
  "ate_max": 1.911193901173187,
  "elapsed_seconds": 3.917182445526123,
  "timestamp": "2026-01-31 13:04:27"
}