source,target,edge_weight,ate,ci_lower,ci_upper,se,p_value,n_confounders
energy_gpu_util_avg_percent,energy_gpu_min_watts,0.5,1.249917390661514,1.0049335820918572,1.4949011992311707,0.1249917390661514,0.0,10
model_hrnet18,energy_gpu_min_watts,0.5,0.576673700542443,0.20738661796888663,0.9459607831159995,0.1884117768232431,0.0022081327833096687,10
