{
  "seed": 456,
  "runtime_seconds": 784.382994890213,
  "n_features": 26,
  "graph_stats": {
    "min": 0.0,
    "max": 1.0,
    "mean": 0.056065090000629425,
    "std": 0.12214268743991852
  },
  "n_edges_gt_0.1": 125,
  "n_edges_gt_0.3": 29,
  "n_edges_gt_0.5": 6,
  "timestamp": "2026-02-06T19:55:28.697540"
}