{
  "seed": 123,
  "runtime_seconds": 984.2583336830139,
  "n_features": 28,
  "graph_stats": {
    "min": 0.0,
    "max": 0.6666666865348816,
    "mean": 0.043792519718408585,
    "std": 0.0927869975566864
  },
  "n_edges_gt_0.1": 129,
  "n_edges_gt_0.3": 27,
  "n_edges_gt_0.5": 2,
  "timestamp": "2026-02-06T22:37:32.226218"
}