{
  "seed": 1011,
  "runtime_seconds": 984.7175405025482,
  "n_features": 28,
  "graph_stats": {
    "min": 0.0,
    "max": 0.9333333969116211,
    "mean": 0.043792519718408585,
    "std": 0.0997929573059082
  },
  "n_edges_gt_0.1": 123,
  "n_edges_gt_0.3": 25,
  "n_edges_gt_0.5": 8,
  "timestamp": "2026-02-06T23:26:46.928128"
}