{
  "seed": 456,
  "runtime_seconds": 984.9892091751099,
  "n_features": 28,
  "graph_stats": {
    "min": 0.0,
    "max": 1.0,
    "mean": 0.04727891460061073,
    "std": 0.10904902964830399
  },
  "n_edges_gt_0.1": 128,
  "n_edges_gt_0.3": 30,
  "n_edges_gt_0.5": 5,
  "timestamp": "2026-02-06T22:53:57.219384"
}