{
  "seed": 456,
  "runtime_seconds": 848.8271601200104,
  "n_features": 28,
  "graph_stats": {
    "min": 0.0,
    "max": 0.9000000357627869,
    "mean": 0.04088010638952255,
    "std": 0.09290722012519836
  },
  "n_edges_gt_0.1": 104,
  "n_edges_gt_0.3": 20,
  "n_edges_gt_0.5": 1,
  "timestamp": "2026-02-06T21:27:25.269868"
}