{
  "group_id": "group2_vulberta",
  "group_name": "VulBERTa\uff08\u4ee3\u7801\u6f0f\u6d1e\u68c0\u6d4b\uff09",
  "samples": 72,
  "features": 22,
  "graph_min": 0.0,
  "graph_max": 0.9099999666213989,
  "graph_mean": 0.12760329246520996,
  "graph_std": 0.21046100556850433,
  "edges_gt_0.01": 255,
  "edges_gt_0.1": 140,
  "edges_gt_0.3": 77,
  "edges_gt_0.5": 43,
  "strong_edges_weight_gt_0.3": 77,
  "total_possible_edges": 462,
  "strong_edge_percentage": 16.666666666666664,
  "runtime_seconds": 5264.258140325546,
  "timestamp": "2026-02-17T02:48:59.660735"
}