{
  "group_id": "group2_vulberta",
  "group_name": "VulBERTa\uff08\u4ee3\u7801\u6f0f\u6d1e\u68c0\u6d4b\uff09",
  "samples": 72,
  "features": 22,
  "graph_min": 0.0,
  "graph_max": 0.7999999523162842,
  "graph_mean": 0.08561982959508896,
  "graph_std": 0.1640997976064682,
  "edges_gt_0.01": 181,
  "edges_gt_0.1": 109,
  "edges_gt_0.3": 61,
  "edges_gt_0.5": 22,
  "strong_edges_weight_gt_0.3": 61,
  "total_possible_edges": 462,
  "strong_edge_percentage": 13.203463203463203,
  "runtime_seconds": 167.39732146263123,
  "timestamp": "2026-02-10T13:29:38.719295"
}