{
  "group_id": "group2_vulberta",
  "group_name": "VulBERTa\uff08\u4ee3\u7801\u6f0f\u6d1e\u68c0\u6d4b\uff09",
  "samples": 72,
  "features": 37,
  "graph_min": 0.0,
  "graph_max": 0.75,
  "graph_mean": 0.023959092795848846,
  "graph_std": 0.07286850363016129,
  "edges_gt_0.01": 221,
  "edges_gt_0.1": 103,
  "edges_gt_0.3": 18,
  "edges_gt_0.5": 4,
  "strong_edges_weight_gt_0.3": 18,
  "total_possible_edges": 1332,
  "strong_edge_percentage": 1.3513513513513513,
  "runtime_seconds": 2051.2645559310913,
  "timestamp": "2026-02-03T19:29:11.356846"
}