{
  "group_id": "group1_examples",
  "group_name": "examples\uff08\u56fe\u50cf\u5206\u7c7b-\u5c0f\u578b\uff09",
  "samples": 304,
  "features": 23,
  "graph_min": 0.0,
  "graph_max": 0.8999999761581421,
  "graph_mean": 0.16224952042102814,
  "graph_std": 0.20724962651729584,
  "edges_gt_0.01": 343,
  "edges_gt_0.1": 228,
  "edges_gt_0.3": 120,
  "edges_gt_0.5": 57,
  "strong_edges_weight_gt_0.3": 120,
  "total_possible_edges": 506,
  "strong_edge_percentage": 23.715415019762844,
  "runtime_seconds": 5942.016873836517,
  "timestamp": "2026-02-17T01:21:15.384977"
}