{
  "group_id": "group1_examples",
  "group_name": "examples\uff08\u56fe\u50cf\u5206\u7c7b-\u5c0f\u578b\uff09",
  "samples": 304,
  "features": 23,
  "graph_min": 0.0,
  "graph_max": 0.7799999713897705,
  "graph_mean": 0.1374669224023819,
  "graph_std": 0.17241202294826508,
  "edges_gt_0.01": 357,
  "edges_gt_0.1": 207,
  "edges_gt_0.3": 90,
  "edges_gt_0.5": 21,
  "strong_edges_weight_gt_0.3": 90,
  "total_possible_edges": 506,
  "strong_edge_percentage": 17.786561264822133,
  "runtime_seconds": 191.66386127471924,
  "timestamp": "2026-02-10T13:26:51.315086"
}