{
  "group_id": "group1_examples",
  "group_name": "examples\uff08\u56fe\u50cf\u5206\u7c7b-\u5c0f\u578b\uff09",
  "samples": 304,
  "features": 35,
  "graph_min": 0.0,
  "graph_max": 1.0,
  "graph_mean": 0.04367347061634064,
  "graph_std": 0.11005924642086029,
  "edges_gt_0.01": 278,
  "edges_gt_0.1": 168,
  "edges_gt_0.3": 43,
  "edges_gt_0.5": 8,
  "strong_edges_weight_gt_0.3": 43,
  "total_possible_edges": 1190,
  "strong_edge_percentage": 3.613445378151261,
  "runtime_seconds": 3251.0660333633423,
  "timestamp": "2026-02-03T18:55:00.082381"
}