{
  "seed": 1011,
  "runtime_seconds": 713.2782511711121,
  "n_features": 28,
  "graph_stats": {
    "min": 0.0,
    "max": 0.9000000357627869,
    "mean": 0.04088010638952255,
    "std": 0.09982313960790634
  },
  "n_edges_gt_0.1": 102,
  "n_edges_gt_0.3": 24,
  "n_edges_gt_0.5": 6,
  "timestamp": "2026-02-06T21:51:13.338056"
}