{
  "experiment_id": "MRT-OAST_default_084",
  "timestamp": "2026-01-01T18:37:24.275980",
  "repository": "MRT-OAST",
  "model": "default",
  "hyperparameters": {
    "dropout": 0.20801915632872828,
    "epochs": 5,
    "learning_rate": 6.776192453088123e-05,
    "weight_decay": 0.0002489014168455886,
    "seed": 1876
  },
  "duration_seconds": 667.5713143348694,
  "energy_metrics": {
    "cpu_energy_pkg_joules": 19854.83,
    "cpu_energy_ram_joules": 1518.35,
    "cpu_energy_total_joules": 21373.18,
    "gpu_power_avg_watts": 233.41572981366465,
    "gpu_power_max_watts": 314.81,
    "gpu_power_min_watts": 80.76,
    "gpu_energy_total_joules": 150319.73000000004,
    "gpu_temp_avg_celsius": 79.49844720496894,
    "gpu_temp_max_celsius": 84.0,
    "gpu_util_avg_percent": 91.70031055900621,
    "gpu_util_max_percent": 100.0
  },
  "performance_metrics": {
    "accuracy": 0.7706,
    "precision": 0.9309,
    "recall": 0.5682,
    "f1": 0.70555
  },
  "training_success": true,
  "retries": 0,
  "error_message": "Training completed successfully"
}