{
  "seed": 123,
  "runtime_seconds": 703.7928621768951,
  "n_features": 28,
  "graph_stats": {
    "min": 0.0,
    "max": 0.800000011920929,
    "mean": 0.041390310972929,
    "std": 0.09629213064908981
  },
  "n_edges_gt_0.1": 90,
  "n_edges_gt_0.3": 29,
  "n_edges_gt_0.5": 2,
  "timestamp": "2026-02-06T21:13:16.438633"
}