{
  "seed": 2022,
  "runtime_seconds": 984.2130844593048,
  "n_features": 28,
  "graph_stats": {
    "min": 0.0,
    "max": 1.0,
    "mean": 0.04634353518486023,
    "std": 0.10827815532684326
  },
  "n_edges_gt_0.1": 131,
  "n_edges_gt_0.3": 38,
  "n_edges_gt_0.5": 4,
  "timestamp": "2026-02-06T23:43:11.145193"
}