{
  "group_id": "group5_mrt_oast",
  "group_name": "MRT-OAST\uff08\u7f3a\u9677\u5b9a\u4f4d\uff09",
  "samples": 72,
  "features": 49,
  "graph_min": 0.0,
  "graph_max": 1.0,
  "graph_mean": 0.08521449565887451,
  "graph_std": 0.1397402137517929,
  "edges_gt_0.01": 1193,
  "edges_gt_0.1": 595,
  "edges_gt_0.3": 153,
  "edges_gt_0.5": 39,
  "strong_edges_weight_gt_0.3": 153,
  "total_possible_edges": 2352,
  "strong_edge_percentage": 6.505102040816327,
  "runtime_seconds": 10928.984352350235,
  "timestamp": "2026-01-30T23:23:08.347494"
}