{
  "group_id": "group5_mrt_oast",
  "group_name": "MRT-OAST\uff08\u7f3a\u9677\u5b9a\u4f4d\uff09",
  "samples": 60,
  "features": 24,
  "graph_min": 0.0,
  "graph_max": 0.7999999523162842,
  "graph_mean": 0.06576388329267502,
  "graph_std": 0.15675564110279083,
  "edges_gt_0.01": 151,
  "edges_gt_0.1": 89,
  "edges_gt_0.3": 57,
  "edges_gt_0.5": 26,
  "strong_edges_weight_gt_0.3": 57,
  "total_possible_edges": 552,
  "strong_edge_percentage": 10.326086956521738,
  "runtime_seconds": 198.59908604621887,
  "timestamp": "2026-02-10T13:39:04.323005"
}