{
  "group_id": "group5_mrt_oast",
  "group_name": "MRT-OAST\uff08\u7f3a\u9677\u5b9a\u4f4d\uff09",
  "samples": 60,
  "features": 24,
  "graph_min": 0.0,
  "graph_max": 0.8999999761581421,
  "graph_mean": 0.0916319414973259,
  "graph_std": 0.18152356147766113,
  "edges_gt_0.01": 193,
  "edges_gt_0.1": 120,
  "edges_gt_0.3": 81,
  "edges_gt_0.5": 39,
  "strong_edges_weight_gt_0.3": 81,
  "total_possible_edges": 552,
  "strong_edge_percentage": 14.673913043478262,
  "runtime_seconds": 6105.191081285477,
  "timestamp": "2026-02-17T07:40:06.239189"
}